original_index,folder,start_ms,y_true,y_pred,y_true_name,y_pred_name,correct
0,data/P4/asphalt/walking/P4_asphalt_walk_0001,10381.0,0,0,asphalt,asphalt,1
2,data/P4/asphalt/walking/P4_asphalt_walk_0001,12381.0,0,0,asphalt,asphalt,1
4,data/P4/asphalt/walking/P4_asphalt_walk_0001,14381.0,0,0,asphalt,asphalt,1
6,data/P4/asphalt/walking/P4_asphalt_walk_0001,16381.0,0,0,asphalt,asphalt,1
8,data/P4/asphalt/walking/P4_asphalt_walk_0001,18381.0,0,0,asphalt,asphalt,1
10,data/P4/asphalt/walking/P4_asphalt_walk_0001,20381.0,0,0,asphalt,asphalt,1
12,data/P4/asphalt/walking/P4_asphalt_walk_0001,22381.0,0,0,asphalt,asphalt,1
14,data/P4/asphalt/walking/P4_asphalt_walk_0001,24381.0,0,0,asphalt,asphalt,1
16,data/P4/asphalt/walking/P4_asphalt_walk_0001,26381.0,0,0,asphalt,asphalt,1
18,data/P4/asphalt/walking/P4_asphalt_walk_0001,28381.0,0,0,asphalt,asphalt,1
20,data/P4/asphalt/walking/P4_asphalt_walk_0001,30381.0,0,0,asphalt,asphalt,1
22,data/P4/asphalt/walking/P4_asphalt_walk_0001,32381.0,0,0,asphalt,asphalt,1
24,data/P4/asphalt/walking/P4_asphalt_walk_0001,34381.0,0,0,asphalt,asphalt,1
26,data/P4/asphalt/walking/P4_asphalt_walk_0001,36381.0,0,0,asphalt,asphalt,1
28,data/P4/asphalt/walking/P4_asphalt_walk_0001,38381.0,0,0,asphalt,asphalt,1
29,data/P4/asphalt/walking/P4_asphalt_walk_0002,40381.0,0,0,asphalt,asphalt,1
31,data/P4/asphalt/walking/P4_asphalt_walk_0002,42381.0,0,0,asphalt,asphalt,1
33,data/P4/asphalt/walking/P4_asphalt_walk_0002,44381.0,0,0,asphalt,asphalt,1
35,data/P4/asphalt/walking/P4_asphalt_walk_0002,46381.0,0,3,asphalt,gravel,0
37,data/P4/asphalt/walking/P4_asphalt_walk_0002,48381.0,0,0,asphalt,asphalt,1
39,data/P4/asphalt/walking/P4_asphalt_walk_0002,50381.0,0,0,asphalt,asphalt,1
41,data/P4/asphalt/walking/P4_asphalt_walk_0002,52381.0,0,0,asphalt,asphalt,1
43,data/P4/asphalt/walking/P4_asphalt_walk_0002,54381.0,0,0,asphalt,asphalt,1
45,data/P4/asphalt/walking/P4_asphalt_walk_0002,56381.0,0,0,asphalt,asphalt,1
47,data/P4/asphalt/walking/P4_asphalt_walk_0002,58381.0,0,0,asphalt,asphalt,1
49,data/P4/asphalt/walking/P4_asphalt_walk_0002,60381.0,0,0,asphalt,asphalt,1
51,data/P4/asphalt/walking/P4_asphalt_walk_0002,62381.0,0,0,asphalt,asphalt,1
53,data/P4/asphalt/walking/P4_asphalt_walk_0002,64381.0,0,0,asphalt,asphalt,1
55,data/P4/asphalt/walking/P4_asphalt_walk_0002,66381.0,0,3,asphalt,gravel,0
57,data/P4/asphalt/walking/P4_asphalt_walk_0002,68381.0,0,0,asphalt,asphalt,1
58,data/P4/asphalt/walking/P4_asphalt_walk_0003,70381.0,0,0,asphalt,asphalt,1
60,data/P4/asphalt/walking/P4_asphalt_walk_0003,72381.0,0,0,asphalt,asphalt,1
62,data/P4/asphalt/walking/P4_asphalt_walk_0003,74381.0,0,0,asphalt,asphalt,1
64,data/P4/asphalt/walking/P4_asphalt_walk_0003,76381.0,0,0,asphalt,asphalt,1
66,data/P4/asphalt/walking/P4_asphalt_walk_0003,78381.0,0,0,asphalt,asphalt,1
68,data/P4/asphalt/walking/P4_asphalt_walk_0003,80381.0,0,0,asphalt,asphalt,1
70,data/P4/asphalt/walking/P4_asphalt_walk_0003,82381.0,0,0,asphalt,asphalt,1
72,data/P4/asphalt/walking/P4_asphalt_walk_0003,84381.0,0,0,asphalt,asphalt,1
74,data/P4/asphalt/walking/P4_asphalt_walk_0003,86381.0,0,0,asphalt,asphalt,1
76,data/P4/asphalt/walking/P4_asphalt_walk_0003,88381.0,0,0,asphalt,asphalt,1
78,data/P4/asphalt/walking/P4_asphalt_walk_0003,90381.0,0,0,asphalt,asphalt,1
80,data/P4/asphalt/walking/P4_asphalt_walk_0003,92381.0,0,0,asphalt,asphalt,1
82,data/P4/asphalt/walking/P4_asphalt_walk_0003,94381.0,0,0,asphalt,asphalt,1
84,data/P4/asphalt/walking/P4_asphalt_walk_0003,96381.0,0,0,asphalt,asphalt,1
86,data/P4/asphalt/walking/P4_asphalt_walk_0003,98381.0,0,0,asphalt,asphalt,1
87,data/P4/asphalt/walking/P4_asphalt_walk_0004,100381.0,0,0,asphalt,asphalt,1
89,data/P4/asphalt/walking/P4_asphalt_walk_0004,102381.0,0,0,asphalt,asphalt,1
91,data/P4/asphalt/walking/P4_asphalt_walk_0004,104381.0,0,2,asphalt,sand,0
93,data/P4/asphalt/walking/P4_asphalt_walk_0004,106381.0,0,0,asphalt,asphalt,1
95,data/P4/asphalt/walking/P4_asphalt_walk_0004,108381.0,0,0,asphalt,asphalt,1
97,data/P4/asphalt/walking/P4_asphalt_walk_0004,110381.0,0,0,asphalt,asphalt,1
99,data/P4/asphalt/walking/P4_asphalt_walk_0004,112381.0,0,0,asphalt,asphalt,1
101,data/P4/asphalt/walking/P4_asphalt_walk_0004,114381.0,0,0,asphalt,asphalt,1
103,data/P4/asphalt/walking/P4_asphalt_walk_0004,116381.0,0,0,asphalt,asphalt,1
105,data/P4/asphalt/walking/P4_asphalt_walk_0004,118381.0,0,0,asphalt,asphalt,1
107,data/P4/asphalt/walking/P4_asphalt_walk_0004,120381.0,0,0,asphalt,asphalt,1
109,data/P4/asphalt/walking/P4_asphalt_walk_0004,122381.0,0,0,asphalt,asphalt,1
111,data/P4/asphalt/walking/P4_asphalt_walk_0004,124381.0,0,0,asphalt,asphalt,1
113,data/P4/asphalt/walking/P4_asphalt_walk_0004,126381.0,0,0,asphalt,asphalt,1
115,data/P4/asphalt/walking/P4_asphalt_walk_0004,128381.0,0,0,asphalt,asphalt,1
116,data/P4/asphalt/walking/P4_asphalt_walk_0005,130381.0,0,0,asphalt,asphalt,1
118,data/P4/asphalt/walking/P4_asphalt_walk_0005,132381.0,0,0,asphalt,asphalt,1
120,data/P4/asphalt/walking/P4_asphalt_walk_0005,134381.0,0,0,asphalt,asphalt,1
122,data/P4/asphalt/walking/P4_asphalt_walk_0005,136381.0,0,0,asphalt,asphalt,1
124,data/P4/asphalt/walking/P4_asphalt_walk_0005,138381.0,0,0,asphalt,asphalt,1
126,data/P4/asphalt/walking/P4_asphalt_walk_0005,140381.0,0,0,asphalt,asphalt,1
128,data/P4/asphalt/walking/P4_asphalt_walk_0005,142381.0,0,2,asphalt,sand,0
130,data/P4/asphalt/walking/P4_asphalt_walk_0005,144381.0,0,0,asphalt,asphalt,1
132,data/P4/asphalt/walking/P4_asphalt_walk_0005,146381.0,0,0,asphalt,asphalt,1
134,data/P4/asphalt/walking/P4_asphalt_walk_0005,148381.0,0,0,asphalt,asphalt,1
136,data/P4/asphalt/walking/P4_asphalt_walk_0005,150381.0,0,0,asphalt,asphalt,1
138,data/P4/asphalt/walking/P4_asphalt_walk_0005,152381.0,0,0,asphalt,asphalt,1
140,data/P4/asphalt/walking/P4_asphalt_walk_0005,154381.0,0,0,asphalt,asphalt,1
142,data/P4/asphalt/walking/P4_asphalt_walk_0005,156381.0,0,0,asphalt,asphalt,1
144,data/P4/asphalt/walking/P4_asphalt_walk_0005,158381.0,0,0,asphalt,asphalt,1
145,data/P4/asphalt/walking/P4_asphalt_walk_0006,160381.0,0,0,asphalt,asphalt,1
147,data/P4/asphalt/walking/P4_asphalt_walk_0006,162381.0,0,0,asphalt,asphalt,1
149,data/P4/asphalt/walking/P4_asphalt_walk_0006,164381.0,0,0,asphalt,asphalt,1
151,data/P4/asphalt/walking/P4_asphalt_walk_0006,166381.0,0,0,asphalt,asphalt,1
153,data/P4/asphalt/walking/P4_asphalt_walk_0006,168381.0,0,0,asphalt,asphalt,1
155,data/P4/asphalt/walking/P4_asphalt_walk_0006,170381.0,0,0,asphalt,asphalt,1
157,data/P4/asphalt/walking/P4_asphalt_walk_0006,172381.0,0,0,asphalt,asphalt,1
159,data/P4/asphalt/walking/P4_asphalt_walk_0006,174381.0,0,0,asphalt,asphalt,1
161,data/P4/asphalt/walking/P4_asphalt_walk_0006,176381.0,0,0,asphalt,asphalt,1
163,data/P4/asphalt/walking/P4_asphalt_walk_0006,178381.0,0,0,asphalt,asphalt,1
165,data/P4/asphalt/walking/P4_asphalt_walk_0006,180381.0,0,0,asphalt,asphalt,1
167,data/P4/asphalt/walking/P4_asphalt_walk_0006,182381.0,0,0,asphalt,asphalt,1
169,data/P4/asphalt/walking/P4_asphalt_walk_0006,184381.0,0,0,asphalt,asphalt,1
171,data/P4/asphalt/walking/P4_asphalt_walk_0006,186381.0,0,0,asphalt,asphalt,1
173,data/P4/asphalt/walking/P4_asphalt_walk_0006,188381.0,0,0,asphalt,asphalt,1
174,data/P4/asphalt/walking/P4_asphalt_walk_0007,190381.0,0,0,asphalt,asphalt,1
176,data/P4/asphalt/walking/P4_asphalt_walk_0007,192381.0,0,1,asphalt,PVC,0
178,data/P4/asphalt/walking/P4_asphalt_walk_0007,194381.0,0,0,asphalt,asphalt,1
179,data/P4/grass/walking/P4_grass_walk_0001,10389.0,4,4,grass,grass,1
181,data/P4/grass/walking/P4_grass_walk_0001,12389.0,4,4,grass,grass,1
183,data/P4/grass/walking/P4_grass_walk_0001,14389.0,4,4,grass,grass,1
185,data/P4/grass/walking/P4_grass_walk_0001,16389.0,4,4,grass,grass,1
187,data/P4/grass/walking/P4_grass_walk_0001,18389.0,4,4,grass,grass,1
189,data/P4/grass/walking/P4_grass_walk_0001,20389.0,4,4,grass,grass,1
191,data/P4/grass/walking/P4_grass_walk_0001,22389.0,4,4,grass,grass,1
193,data/P4/grass/walking/P4_grass_walk_0001,24389.0,4,4,grass,grass,1
195,data/P4/grass/walking/P4_grass_walk_0001,26389.0,4,4,grass,grass,1
197,data/P4/grass/walking/P4_grass_walk_0001,28389.0,4,4,grass,grass,1
199,data/P4/grass/walking/P4_grass_walk_0001,30389.0,4,4,grass,grass,1
201,data/P4/grass/walking/P4_grass_walk_0001,32389.0,4,4,grass,grass,1
203,data/P4/grass/walking/P4_grass_walk_0001,34389.0,4,4,grass,grass,1
205,data/P4/grass/walking/P4_grass_walk_0001,36389.0,4,4,grass,grass,1
207,data/P4/grass/walking/P4_grass_walk_0001,38389.0,4,4,grass,grass,1
208,data/P4/grass/walking/P4_grass_walk_0002,40389.0,4,4,grass,grass,1
210,data/P4/grass/walking/P4_grass_walk_0002,42389.0,4,4,grass,grass,1
212,data/P4/grass/walking/P4_grass_walk_0002,44389.0,4,4,grass,grass,1
214,data/P4/grass/walking/P4_grass_walk_0002,46389.0,4,4,grass,grass,1
216,data/P4/grass/walking/P4_grass_walk_0002,48389.0,4,4,grass,grass,1
218,data/P4/grass/walking/P4_grass_walk_0002,50389.0,4,4,grass,grass,1
220,data/P4/grass/walking/P4_grass_walk_0002,52389.0,4,4,grass,grass,1
222,data/P4/grass/walking/P4_grass_walk_0002,54389.0,4,4,grass,grass,1
224,data/P4/grass/walking/P4_grass_walk_0002,56389.0,4,4,grass,grass,1
226,data/P4/grass/walking/P4_grass_walk_0002,58389.0,4,4,grass,grass,1
228,data/P4/grass/walking/P4_grass_walk_0002,60389.0,4,4,grass,grass,1
230,data/P4/grass/walking/P4_grass_walk_0002,62389.0,4,4,grass,grass,1
232,data/P4/grass/walking/P4_grass_walk_0002,64389.0,4,4,grass,grass,1
234,data/P4/grass/walking/P4_grass_walk_0002,66389.0,4,4,grass,grass,1
236,data/P4/grass/walking/P4_grass_walk_0002,68389.0,4,4,grass,grass,1
237,data/P4/grass/walking/P4_grass_walk_0003,70389.0,4,4,grass,grass,1
239,data/P4/grass/walking/P4_grass_walk_0003,72389.0,4,4,grass,grass,1
241,data/P4/grass/walking/P4_grass_walk_0003,74389.0,4,4,grass,grass,1
243,data/P4/grass/walking/P4_grass_walk_0003,76389.0,4,4,grass,grass,1
245,data/P4/grass/walking/P4_grass_walk_0003,78389.0,4,4,grass,grass,1
247,data/P4/grass/walking/P4_grass_walk_0003,80389.0,4,4,grass,grass,1
249,data/P4/grass/walking/P4_grass_walk_0003,82389.0,4,4,grass,grass,1
251,data/P4/grass/walking/P4_grass_walk_0003,84389.0,4,4,grass,grass,1
253,data/P4/grass/walking/P4_grass_walk_0003,86389.0,4,4,grass,grass,1
255,data/P4/grass/walking/P4_grass_walk_0003,88389.0,4,4,grass,grass,1
257,data/P4/grass/walking/P4_grass_walk_0003,90389.0,4,4,grass,grass,1
259,data/P4/grass/walking/P4_grass_walk_0003,92389.0,4,4,grass,grass,1
261,data/P4/grass/walking/P4_grass_walk_0003,94389.0,4,4,grass,grass,1
263,data/P4/grass/walking/P4_grass_walk_0003,96389.0,4,4,grass,grass,1
265,data/P4/grass/walking/P4_grass_walk_0003,98389.0,4,4,grass,grass,1
266,data/P4/grass/walking/P4_grass_walk_0004,100389.0,4,4,grass,grass,1
268,data/P4/grass/walking/P4_grass_walk_0004,102389.0,4,4,grass,grass,1
270,data/P4/grass/walking/P4_grass_walk_0004,104389.0,4,4,grass,grass,1
272,data/P4/grass/walking/P4_grass_walk_0004,106389.0,4,4,grass,grass,1
274,data/P4/grass/walking/P4_grass_walk_0004,108389.0,4,4,grass,grass,1
276,data/P4/grass/walking/P4_grass_walk_0004,110389.0,4,4,grass,grass,1
278,data/P4/grass/walking/P4_grass_walk_0004,112389.0,4,4,grass,grass,1
280,data/P4/grass/walking/P4_grass_walk_0004,114389.0,4,4,grass,grass,1
282,data/P4/grass/walking/P4_grass_walk_0004,116389.0,4,4,grass,grass,1
284,data/P4/grass/walking/P4_grass_walk_0004,118389.0,4,4,grass,grass,1
286,data/P4/grass/walking/P4_grass_walk_0004,120389.0,4,4,grass,grass,1
288,data/P4/grass/walking/P4_grass_walk_0004,122389.0,4,4,grass,grass,1
290,data/P4/grass/walking/P4_grass_walk_0004,124389.0,4,4,grass,grass,1
292,data/P4/grass/walking/P4_grass_walk_0004,126389.0,4,4,grass,grass,1
294,data/P4/grass/walking/P4_grass_walk_0004,128389.0,4,4,grass,grass,1
295,data/P4/grass/walking/P4_grass_walk_0005,130389.0,4,4,grass,grass,1
297,data/P4/grass/walking/P4_grass_walk_0005,132389.0,4,4,grass,grass,1
299,data/P4/grass/walking/P4_grass_walk_0005,134389.0,4,4,grass,grass,1
301,data/P4/grass/walking/P4_grass_walk_0005,136389.0,4,4,grass,grass,1
303,data/P4/grass/walking/P4_grass_walk_0005,138389.0,4,4,grass,grass,1
305,data/P4/grass/walking/P4_grass_walk_0005,140389.0,4,4,grass,grass,1
307,data/P4/grass/walking/P4_grass_walk_0005,142389.0,4,4,grass,grass,1
309,data/P4/grass/walking/P4_grass_walk_0005,144389.0,4,4,grass,grass,1
311,data/P4/grass/walking/P4_grass_walk_0005,146389.0,4,4,grass,grass,1
313,data/P4/grass/walking/P4_grass_walk_0005,148389.0,4,4,grass,grass,1
315,data/P4/grass/walking/P4_grass_walk_0005,150389.0,4,4,grass,grass,1
317,data/P4/grass/walking/P4_grass_walk_0005,152389.0,4,4,grass,grass,1
319,data/P4/grass/walking/P4_grass_walk_0005,154389.0,4,4,grass,grass,1
321,data/P4/grass/walking/P4_grass_walk_0005,156389.0,4,4,grass,grass,1
323,data/P4/grass/walking/P4_grass_walk_0005,158389.0,4,4,grass,grass,1
324,data/P4/grass/walking/P4_grass_walk_0006,160389.0,4,4,grass,grass,1
326,data/P4/grass/walking/P4_grass_walk_0006,162389.0,4,4,grass,grass,1
328,data/P4/grass/walking/P4_grass_walk_0006,164389.0,4,4,grass,grass,1
330,data/P4/grass/walking/P4_grass_walk_0006,166389.0,4,4,grass,grass,1
332,data/P4/grass/walking/P4_grass_walk_0006,168389.0,4,4,grass,grass,1
334,data/P4/grass/walking/P4_grass_walk_0006,170389.0,4,4,grass,grass,1
336,data/P4/grass/walking/P4_grass_walk_0006,172389.0,4,4,grass,grass,1
338,data/P4/grass/walking/P4_grass_walk_0006,174389.0,4,4,grass,grass,1
340,data/P4/grass/walking/P4_grass_walk_0006,176389.0,4,4,grass,grass,1
342,data/P4/grass/walking/P4_grass_walk_0006,178389.0,4,4,grass,grass,1
344,data/P4/grass/walking/P4_grass_walk_0006,180389.0,4,4,grass,grass,1
346,data/P4/grass/walking/P4_grass_walk_0006,182389.0,4,4,grass,grass,1
348,data/P4/grass/walking/P4_grass_walk_0006,184389.0,4,4,grass,grass,1
350,data/P4/grass/walking/P4_grass_walk_0006,186389.0,4,4,grass,grass,1
352,data/P4/grass/walking/P4_grass_walk_0006,188389.0,4,4,grass,grass,1
353,data/P4/grass/walking/P4_grass_walk_0007,190389.0,4,4,grass,grass,1
355,data/P4/grass/walking/P4_grass_walk_0007,192389.0,4,4,grass,grass,1
357,data/P4/grass/walking/P4_grass_walk_0007,194389.0,4,4,grass,grass,1
359,data/P4/grass/walking/P4_grass_walk_0007,196389.0,4,4,grass,grass,1
360,data/P4/gravel/walking/P4_gravel_walk_0001,10370.0,3,3,gravel,gravel,1
362,data/P4/gravel/walking/P4_gravel_walk_0001,12370.0,3,3,gravel,gravel,1
364,data/P4/gravel/walking/P4_gravel_walk_0001,14370.0,3,3,gravel,gravel,1
366,data/P4/gravel/walking/P4_gravel_walk_0001,16370.0,3,3,gravel,gravel,1
368,data/P4/gravel/walking/P4_gravel_walk_0001,18370.0,3,3,gravel,gravel,1
370,data/P4/gravel/walking/P4_gravel_walk_0001,20370.0,3,3,gravel,gravel,1
372,data/P4/gravel/walking/P4_gravel_walk_0001,22370.0,3,3,gravel,gravel,1
374,data/P4/gravel/walking/P4_gravel_walk_0001,24370.0,3,3,gravel,gravel,1
376,data/P4/gravel/walking/P4_gravel_walk_0001,26370.0,3,3,gravel,gravel,1
378,data/P4/gravel/walking/P4_gravel_walk_0001,28370.0,3,3,gravel,gravel,1
380,data/P4/gravel/walking/P4_gravel_walk_0001,30370.0,3,3,gravel,gravel,1
382,data/P4/gravel/walking/P4_gravel_walk_0001,32370.0,3,3,gravel,gravel,1
384,data/P4/gravel/walking/P4_gravel_walk_0001,34370.0,3,3,gravel,gravel,1
386,data/P4/gravel/walking/P4_gravel_walk_0001,36370.0,3,3,gravel,gravel,1
388,data/P4/gravel/walking/P4_gravel_walk_0001,38370.0,3,3,gravel,gravel,1
389,data/P4/gravel/walking/P4_gravel_walk_0002,40370.0,3,3,gravel,gravel,1
391,data/P4/gravel/walking/P4_gravel_walk_0002,42370.0,3,3,gravel,gravel,1
393,data/P4/gravel/walking/P4_gravel_walk_0002,44370.0,3,3,gravel,gravel,1
395,data/P4/gravel/walking/P4_gravel_walk_0002,46370.0,3,3,gravel,gravel,1
397,data/P4/gravel/walking/P4_gravel_walk_0002,48370.0,3,3,gravel,gravel,1
399,data/P4/gravel/walking/P4_gravel_walk_0002,50370.0,3,3,gravel,gravel,1
401,data/P4/gravel/walking/P4_gravel_walk_0002,52370.0,3,3,gravel,gravel,1
403,data/P4/gravel/walking/P4_gravel_walk_0002,54370.0,3,3,gravel,gravel,1
405,data/P4/gravel/walking/P4_gravel_walk_0002,56370.0,3,3,gravel,gravel,1
407,data/P4/gravel/walking/P4_gravel_walk_0002,58370.0,3,3,gravel,gravel,1
409,data/P4/gravel/walking/P4_gravel_walk_0002,60370.0,3,3,gravel,gravel,1
411,data/P4/gravel/walking/P4_gravel_walk_0002,62370.0,3,3,gravel,gravel,1
413,data/P4/gravel/walking/P4_gravel_walk_0002,64370.0,3,3,gravel,gravel,1
415,data/P4/gravel/walking/P4_gravel_walk_0002,66370.0,3,3,gravel,gravel,1
417,data/P4/gravel/walking/P4_gravel_walk_0002,68370.0,3,3,gravel,gravel,1
418,data/P4/gravel/walking/P4_gravel_walk_0003,70370.0,3,3,gravel,gravel,1
420,data/P4/gravel/walking/P4_gravel_walk_0003,72370.0,3,3,gravel,gravel,1
422,data/P4/gravel/walking/P4_gravel_walk_0003,74370.0,3,3,gravel,gravel,1
424,data/P4/gravel/walking/P4_gravel_walk_0003,76370.0,3,3,gravel,gravel,1
426,data/P4/gravel/walking/P4_gravel_walk_0003,78370.0,3,3,gravel,gravel,1
428,data/P4/gravel/walking/P4_gravel_walk_0003,80370.0,3,3,gravel,gravel,1
430,data/P4/gravel/walking/P4_gravel_walk_0003,82370.0,3,3,gravel,gravel,1
432,data/P4/gravel/walking/P4_gravel_walk_0003,84370.0,3,3,gravel,gravel,1
434,data/P4/gravel/walking/P4_gravel_walk_0003,86370.0,3,3,gravel,gravel,1
436,data/P4/gravel/walking/P4_gravel_walk_0003,88370.0,3,3,gravel,gravel,1
438,data/P4/gravel/walking/P4_gravel_walk_0003,90370.0,3,3,gravel,gravel,1
440,data/P4/gravel/walking/P4_gravel_walk_0003,92370.0,3,3,gravel,gravel,1
442,data/P4/gravel/walking/P4_gravel_walk_0003,94370.0,3,3,gravel,gravel,1
444,data/P4/gravel/walking/P4_gravel_walk_0003,96370.0,3,3,gravel,gravel,1
446,data/P4/gravel/walking/P4_gravel_walk_0003,98370.0,3,3,gravel,gravel,1
447,data/P4/gravel/walking/P4_gravel_walk_0004,100370.0,3,3,gravel,gravel,1
449,data/P4/gravel/walking/P4_gravel_walk_0004,102370.0,3,3,gravel,gravel,1
451,data/P4/gravel/walking/P4_gravel_walk_0004,104370.0,3,3,gravel,gravel,1
453,data/P4/gravel/walking/P4_gravel_walk_0004,106370.0,3,3,gravel,gravel,1
455,data/P4/gravel/walking/P4_gravel_walk_0004,108370.0,3,3,gravel,gravel,1
457,data/P4/gravel/walking/P4_gravel_walk_0004,110370.0,3,3,gravel,gravel,1
459,data/P4/gravel/walking/P4_gravel_walk_0004,112370.0,3,3,gravel,gravel,1
461,data/P4/gravel/walking/P4_gravel_walk_0004,114370.0,3,3,gravel,gravel,1
463,data/P4/gravel/walking/P4_gravel_walk_0004,116370.0,3,3,gravel,gravel,1
465,data/P4/gravel/walking/P4_gravel_walk_0004,118370.0,3,3,gravel,gravel,1
467,data/P4/gravel/walking/P4_gravel_walk_0004,120370.0,3,3,gravel,gravel,1
469,data/P4/gravel/walking/P4_gravel_walk_0004,122370.0,3,3,gravel,gravel,1
471,data/P4/gravel/walking/P4_gravel_walk_0004,124370.0,3,3,gravel,gravel,1
473,data/P4/gravel/walking/P4_gravel_walk_0004,126370.0,3,3,gravel,gravel,1
475,data/P4/gravel/walking/P4_gravel_walk_0004,128370.0,3,3,gravel,gravel,1
476,data/P4/gravel/walking/P4_gravel_walk_0005,130370.0,3,3,gravel,gravel,1
478,data/P4/gravel/walking/P4_gravel_walk_0005,132370.0,3,3,gravel,gravel,1
480,data/P4/gravel/walking/P4_gravel_walk_0005,134370.0,3,3,gravel,gravel,1
482,data/P4/gravel/walking/P4_gravel_walk_0005,136370.0,3,3,gravel,gravel,1
484,data/P4/gravel/walking/P4_gravel_walk_0005,138370.0,3,3,gravel,gravel,1
486,data/P4/gravel/walking/P4_gravel_walk_0005,140370.0,3,3,gravel,gravel,1
488,data/P4/gravel/walking/P4_gravel_walk_0005,142370.0,3,3,gravel,gravel,1
490,data/P4/gravel/walking/P4_gravel_walk_0005,144370.0,3,3,gravel,gravel,1
492,data/P4/gravel/walking/P4_gravel_walk_0005,146370.0,3,3,gravel,gravel,1
494,data/P4/gravel/walking/P4_gravel_walk_0005,148370.0,3,3,gravel,gravel,1
496,data/P4/gravel/walking/P4_gravel_walk_0005,150370.0,3,3,gravel,gravel,1
498,data/P4/gravel/walking/P4_gravel_walk_0005,152370.0,3,3,gravel,gravel,1
500,data/P4/gravel/walking/P4_gravel_walk_0005,154370.0,3,3,gravel,gravel,1
502,data/P4/gravel/walking/P4_gravel_walk_0005,156370.0,3,3,gravel,gravel,1
504,data/P4/gravel/walking/P4_gravel_walk_0005,158370.0,3,3,gravel,gravel,1
505,data/P4/gravel/walking/P4_gravel_walk_0006,10491.0,3,3,gravel,gravel,1
507,data/P4/gravel/walking/P4_gravel_walk_0006,12491.0,3,3,gravel,gravel,1
509,data/P4/gravel/walking/P4_gravel_walk_0006,14491.0,3,3,gravel,gravel,1
511,data/P4/gravel/walking/P4_gravel_walk_0006,16491.0,3,3,gravel,gravel,1
513,data/P4/gravel/walking/P4_gravel_walk_0006,18491.0,3,3,gravel,gravel,1
515,data/P4/gravel/walking/P4_gravel_walk_0006,20491.0,3,3,gravel,gravel,1
517,data/P4/gravel/walking/P4_gravel_walk_0006,22491.0,3,3,gravel,gravel,1
519,data/P4/gravel/walking/P4_gravel_walk_0006,24491.0,3,3,gravel,gravel,1
521,data/P4/gravel/walking/P4_gravel_walk_0006,26491.0,3,3,gravel,gravel,1
523,data/P4/gravel/walking/P4_gravel_walk_0006,28491.0,3,3,gravel,gravel,1
525,data/P4/gravel/walking/P4_gravel_walk_0006,30491.0,3,3,gravel,gravel,1
527,data/P4/gravel/walking/P4_gravel_walk_0006,32491.0,3,3,gravel,gravel,1
529,data/P4/gravel/walking/P4_gravel_walk_0006,34491.0,3,3,gravel,gravel,1
531,data/P4/gravel/walking/P4_gravel_walk_0006,36491.0,3,3,gravel,gravel,1
533,data/P4/gravel/walking/P4_gravel_walk_0006,38491.0,3,3,gravel,gravel,1
534,data/P4/gravel/walking/P4_gravel_walk_0007,40491.0,3,3,gravel,gravel,1
536,data/P4/gravel/walking/P4_gravel_walk_0007,42491.0,3,3,gravel,gravel,1
538,data/P4/gravel/walking/P4_gravel_walk_0007,44491.0,3,3,gravel,gravel,1
540,data/P4/gravel/walking/P4_gravel_walk_0007,46491.0,3,3,gravel,gravel,1
542,data/P4/gravel/walking/P4_gravel_walk_0007,48491.0,3,3,gravel,gravel,1
544,data/P4/gravel/walking/P4_gravel_walk_0007,50491.0,3,3,gravel,gravel,1
546,data/P4/gravel/walking/P4_gravel_walk_0007,52491.0,3,3,gravel,gravel,1
548,data/P4/gravel/walking/P4_gravel_walk_0007,54491.0,3,3,gravel,gravel,1
550,data/P4/gravel/walking/P4_gravel_walk_0007,56491.0,3,3,gravel,gravel,1
552,data/P4/gravel/walking/P4_gravel_walk_0007,58491.0,3,3,gravel,gravel,1
554,data/P4/gravel/walking/P4_gravel_walk_0007,60491.0,3,3,gravel,gravel,1
556,data/P4/gravel/walking/P4_gravel_walk_0007,62491.0,3,3,gravel,gravel,1
558,data/P4/gravel/walking/P4_gravel_walk_0007,64491.0,3,3,gravel,gravel,1
560,data/P4/gravel/walking/P4_gravel_walk_0007,66491.0,3,3,gravel,gravel,1
562,data/P4/gravel/walking/P4_gravel_walk_0007,68491.0,3,3,gravel,gravel,1
563,data/P4/gravel/walking/P4_gravel_walk_0008,40491.0,3,3,gravel,gravel,1
565,data/P4/gravel/walking/P4_gravel_walk_0008,42491.0,3,3,gravel,gravel,1
567,data/P4/gravel/walking/P4_gravel_walk_0008,44491.0,3,3,gravel,gravel,1
569,data/P4/gravel/walking/P4_gravel_walk_0008,46491.0,3,3,gravel,gravel,1
571,data/P4/gravel/walking/P4_gravel_walk_0008,48491.0,3,3,gravel,gravel,1
573,data/P4/gravel/walking/P4_gravel_walk_0008,50491.0,3,3,gravel,gravel,1
575,data/P4/gravel/walking/P4_gravel_walk_0008,52491.0,3,3,gravel,gravel,1
577,data/P4/gravel/walking/P4_gravel_walk_0008,54491.0,3,3,gravel,gravel,1
579,data/P4/gravel/walking/P4_gravel_walk_0008,56491.0,3,3,gravel,gravel,1
581,data/P4/gravel/walking/P4_gravel_walk_0008,58491.0,3,3,gravel,gravel,1
583,data/P4/gravel/walking/P4_gravel_walk_0008,60491.0,3,3,gravel,gravel,1
585,data/P4/gravel/walking/P4_gravel_walk_0008,62491.0,3,3,gravel,gravel,1
587,data/P4/gravel/walking/P4_gravel_walk_0008,64491.0,3,3,gravel,gravel,1
589,data/P4/gravel/walking/P4_gravel_walk_0008,66491.0,3,3,gravel,gravel,1
591,data/P4/gravel/walking/P4_gravel_walk_0008,68491.0,3,3,gravel,gravel,1
592,data/P4/gravel/walking/P4_gravel_walk_0009,70491.0,3,3,gravel,gravel,1
594,data/P4/gravel/walking/P4_gravel_walk_0009,72491.0,3,3,gravel,gravel,1
596,data/P4/gravel/walking/P4_gravel_walk_0009,74491.0,3,3,gravel,gravel,1
598,data/P4/gravel/walking/P4_gravel_walk_0009,76491.0,3,3,gravel,gravel,1
600,data/P4/gravel/walking/P4_gravel_walk_0009,78491.0,3,3,gravel,gravel,1
602,data/P4/gravel/walking/P4_gravel_walk_0009,80491.0,3,3,gravel,gravel,1
604,data/P4/gravel/walking/P4_gravel_walk_0009,82491.0,3,3,gravel,gravel,1
606,data/P4/gravel/walking/P4_gravel_walk_0009,84491.0,3,3,gravel,gravel,1
608,data/P4/gravel/walking/P4_gravel_walk_0009,86491.0,3,3,gravel,gravel,1
610,data/P4/gravel/walking/P4_gravel_walk_0009,88491.0,3,3,gravel,gravel,1
612,data/P4/gravel/walking/P4_gravel_walk_0009,90491.0,3,3,gravel,gravel,1
614,data/P4/gravel/walking/P4_gravel_walk_0009,92491.0,3,3,gravel,gravel,1
616,data/P4/gravel/walking/P4_gravel_walk_0009,94491.0,3,3,gravel,gravel,1
618,data/P4/gravel/walking/P4_gravel_walk_0009,96491.0,3,3,gravel,gravel,1
620,data/P4/gravel/walking/P4_gravel_walk_0009,98491.0,3,3,gravel,gravel,1
621,data/P4/gravel/walking/P4_gravel_walk_0010,100491.0,3,3,gravel,gravel,1
623,data/P4/gravel/walking/P4_gravel_walk_0010,102491.0,3,3,gravel,gravel,1
625,data/P4/gravel/walking/P4_gravel_walk_0010,104491.0,3,3,gravel,gravel,1
627,data/P4/gravel/walking/P4_gravel_walk_0010,106491.0,3,3,gravel,gravel,1
628,data/P4/PVC/walking/P4_pvc_walk_0001,10433.0,1,1,PVC,PVC,1
630,data/P4/PVC/walking/P4_pvc_walk_0001,12433.0,1,1,PVC,PVC,1
632,data/P4/PVC/walking/P4_pvc_walk_0001,14433.0,1,1,PVC,PVC,1
634,data/P4/PVC/walking/P4_pvc_walk_0001,16433.0,1,1,PVC,PVC,1
636,data/P4/PVC/walking/P4_pvc_walk_0001,18433.0,1,1,PVC,PVC,1
638,data/P4/PVC/walking/P4_pvc_walk_0001,20433.0,1,1,PVC,PVC,1
640,data/P4/PVC/walking/P4_pvc_walk_0001,22433.0,1,1,PVC,PVC,1
642,data/P4/PVC/walking/P4_pvc_walk_0001,24433.0,1,1,PVC,PVC,1
644,data/P4/PVC/walking/P4_pvc_walk_0001,26433.0,1,1,PVC,PVC,1
646,data/P4/PVC/walking/P4_pvc_walk_0001,28433.0,1,1,PVC,PVC,1
648,data/P4/PVC/walking/P4_pvc_walk_0001,30433.0,1,1,PVC,PVC,1
650,data/P4/PVC/walking/P4_pvc_walk_0001,32433.0,1,1,PVC,PVC,1
652,data/P4/PVC/walking/P4_pvc_walk_0001,34433.0,1,1,PVC,PVC,1
654,data/P4/PVC/walking/P4_pvc_walk_0001,36433.0,1,1,PVC,PVC,1
656,data/P4/PVC/walking/P4_pvc_walk_0001,38433.0,1,1,PVC,PVC,1
657,data/P4/PVC/walking/P4_pvc_walk_0002,40433.0,1,1,PVC,PVC,1
659,data/P4/PVC/walking/P4_pvc_walk_0002,42433.0,1,1,PVC,PVC,1
661,data/P4/PVC/walking/P4_pvc_walk_0002,44433.0,1,1,PVC,PVC,1
663,data/P4/PVC/walking/P4_pvc_walk_0002,46433.0,1,1,PVC,PVC,1
665,data/P4/PVC/walking/P4_pvc_walk_0002,48433.0,1,1,PVC,PVC,1
667,data/P4/PVC/walking/P4_pvc_walk_0002,50433.0,1,1,PVC,PVC,1
669,data/P4/PVC/walking/P4_pvc_walk_0002,52433.0,1,1,PVC,PVC,1
671,data/P4/PVC/walking/P4_pvc_walk_0002,54433.0,1,1,PVC,PVC,1
673,data/P4/PVC/walking/P4_pvc_walk_0002,56433.0,1,1,PVC,PVC,1
675,data/P4/PVC/walking/P4_pvc_walk_0002,58433.0,1,1,PVC,PVC,1
677,data/P4/PVC/walking/P4_pvc_walk_0002,60433.0,1,1,PVC,PVC,1
679,data/P4/PVC/walking/P4_pvc_walk_0002,62433.0,1,1,PVC,PVC,1
681,data/P4/PVC/walking/P4_pvc_walk_0002,64433.0,1,1,PVC,PVC,1
683,data/P4/PVC/walking/P4_pvc_walk_0002,66433.0,1,1,PVC,PVC,1
685,data/P4/PVC/walking/P4_pvc_walk_0002,68433.0,1,1,PVC,PVC,1
686,data/P4/PVC/walking/P4_pvc_walk_0003,70433.0,1,1,PVC,PVC,1
688,data/P4/PVC/walking/P4_pvc_walk_0003,72433.0,1,1,PVC,PVC,1
690,data/P4/PVC/walking/P4_pvc_walk_0003,74433.0,1,1,PVC,PVC,1
692,data/P4/PVC/walking/P4_pvc_walk_0003,76433.0,1,1,PVC,PVC,1
694,data/P4/PVC/walking/P4_pvc_walk_0003,78433.0,1,1,PVC,PVC,1
696,data/P4/PVC/walking/P4_pvc_walk_0003,80433.0,1,1,PVC,PVC,1
698,data/P4/PVC/walking/P4_pvc_walk_0003,82433.0,1,1,PVC,PVC,1
700,data/P4/PVC/walking/P4_pvc_walk_0003,84433.0,1,1,PVC,PVC,1
702,data/P4/PVC/walking/P4_pvc_walk_0003,86433.0,1,1,PVC,PVC,1
704,data/P4/PVC/walking/P4_pvc_walk_0003,88433.0,1,1,PVC,PVC,1
706,data/P4/PVC/walking/P4_pvc_walk_0003,90433.0,1,1,PVC,PVC,1
708,data/P4/PVC/walking/P4_pvc_walk_0003,92433.0,1,1,PVC,PVC,1
710,data/P4/PVC/walking/P4_pvc_walk_0003,94433.0,1,1,PVC,PVC,1
712,data/P4/PVC/walking/P4_pvc_walk_0003,96433.0,1,1,PVC,PVC,1
714,data/P4/PVC/walking/P4_pvc_walk_0003,98433.0,1,1,PVC,PVC,1
715,data/P4/PVC/walking/P4_pvc_walk_0004,100433.0,1,1,PVC,PVC,1
717,data/P4/PVC/walking/P4_pvc_walk_0004,102433.0,1,1,PVC,PVC,1
719,data/P4/PVC/walking/P4_pvc_walk_0004,104433.0,1,1,PVC,PVC,1
721,data/P4/PVC/walking/P4_pvc_walk_0004,106433.0,1,1,PVC,PVC,1
723,data/P4/PVC/walking/P4_pvc_walk_0004,108433.0,1,1,PVC,PVC,1
725,data/P4/PVC/walking/P4_pvc_walk_0004,110433.0,1,1,PVC,PVC,1
727,data/P4/PVC/walking/P4_pvc_walk_0004,112433.0,1,1,PVC,PVC,1
729,data/P4/PVC/walking/P4_pvc_walk_0004,114433.0,1,1,PVC,PVC,1
731,data/P4/PVC/walking/P4_pvc_walk_0004,116433.0,1,1,PVC,PVC,1
733,data/P4/PVC/walking/P4_pvc_walk_0004,118433.0,1,1,PVC,PVC,1
735,data/P4/PVC/walking/P4_pvc_walk_0004,120433.0,1,1,PVC,PVC,1
737,data/P4/PVC/walking/P4_pvc_walk_0004,122433.0,1,1,PVC,PVC,1
739,data/P4/PVC/walking/P4_pvc_walk_0004,124433.0,1,1,PVC,PVC,1
741,data/P4/PVC/walking/P4_pvc_walk_0004,126433.0,1,1,PVC,PVC,1
743,data/P4/PVC/walking/P4_pvc_walk_0004,128433.0,1,1,PVC,PVC,1
744,data/P4/PVC/walking/P4_pvc_walk_0005,130433.0,1,1,PVC,PVC,1
746,data/P4/PVC/walking/P4_pvc_walk_0005,132433.0,1,1,PVC,PVC,1
748,data/P4/PVC/walking/P4_pvc_walk_0005,134433.0,1,1,PVC,PVC,1
750,data/P4/PVC/walking/P4_pvc_walk_0005,136433.0,1,1,PVC,PVC,1
752,data/P4/PVC/walking/P4_pvc_walk_0005,138433.0,1,1,PVC,PVC,1
754,data/P4/PVC/walking/P4_pvc_walk_0005,140433.0,1,1,PVC,PVC,1
756,data/P4/PVC/walking/P4_pvc_walk_0005,142433.0,1,1,PVC,PVC,1
758,data/P4/PVC/walking/P4_pvc_walk_0005,144433.0,1,1,PVC,PVC,1
760,data/P4/PVC/walking/P4_pvc_walk_0005,146433.0,1,1,PVC,PVC,1
762,data/P4/PVC/walking/P4_pvc_walk_0005,148433.0,1,1,PVC,PVC,1
764,data/P4/PVC/walking/P4_pvc_walk_0005,150433.0,1,1,PVC,PVC,1
766,data/P4/PVC/walking/P4_pvc_walk_0005,152433.0,1,1,PVC,PVC,1
768,data/P4/PVC/walking/P4_pvc_walk_0005,154433.0,1,1,PVC,PVC,1
770,data/P4/PVC/walking/P4_pvc_walk_0005,156433.0,1,1,PVC,PVC,1
772,data/P4/PVC/walking/P4_pvc_walk_0005,158433.0,1,1,PVC,PVC,1
773,data/P4/PVC/walking/P4_pvc_walk_0006,160433.0,1,1,PVC,PVC,1
775,data/P4/PVC/walking/P4_pvc_walk_0006,162433.0,1,1,PVC,PVC,1
777,data/P4/PVC/walking/P4_pvc_walk_0006,164433.0,1,1,PVC,PVC,1
779,data/P4/PVC/walking/P4_pvc_walk_0006,166433.0,1,1,PVC,PVC,1
781,data/P4/PVC/walking/P4_pvc_walk_0006,168433.0,1,1,PVC,PVC,1
783,data/P4/PVC/walking/P4_pvc_walk_0006,170433.0,1,1,PVC,PVC,1
785,data/P4/PVC/walking/P4_pvc_walk_0006,172433.0,1,1,PVC,PVC,1
787,data/P4/PVC/walking/P4_pvc_walk_0006,174433.0,1,1,PVC,PVC,1
789,data/P4/PVC/walking/P4_pvc_walk_0006,176433.0,1,1,PVC,PVC,1
791,data/P4/PVC/walking/P4_pvc_walk_0006,178433.0,1,1,PVC,PVC,1
793,data/P4/PVC/walking/P4_pvc_walk_0006,180433.0,1,1,PVC,PVC,1
795,data/P4/PVC/walking/P4_pvc_walk_0006,182433.0,1,1,PVC,PVC,1
797,data/P4/PVC/walking/P4_pvc_walk_0006,184433.0,1,1,PVC,PVC,1
799,data/P4/PVC/walking/P4_pvc_walk_0006,186433.0,1,1,PVC,PVC,1
801,data/P4/PVC/walking/P4_pvc_walk_0006,188433.0,1,1,PVC,PVC,1
802,data/P4/sand/walking/P4_sand_walk_0001,10406.0,2,2,sand,sand,1
804,data/P4/sand/walking/P4_sand_walk_0001,12406.0,2,2,sand,sand,1
806,data/P4/sand/walking/P4_sand_walk_0001,14406.0,2,2,sand,sand,1
808,data/P4/sand/walking/P4_sand_walk_0001,16406.0,2,2,sand,sand,1
810,data/P4/sand/walking/P4_sand_walk_0001,18406.0,2,2,sand,sand,1
812,data/P4/sand/walking/P4_sand_walk_0001,20406.0,2,2,sand,sand,1
814,data/P4/sand/walking/P4_sand_walk_0001,22406.0,2,2,sand,sand,1
816,data/P4/sand/walking/P4_sand_walk_0001,24406.0,2,2,sand,sand,1
818,data/P4/sand/walking/P4_sand_walk_0001,26406.0,2,2,sand,sand,1
820,data/P4/sand/walking/P4_sand_walk_0001,28406.0,2,2,sand,sand,1
822,data/P4/sand/walking/P4_sand_walk_0001,30406.0,2,2,sand,sand,1
824,data/P4/sand/walking/P4_sand_walk_0001,32406.0,2,2,sand,sand,1
826,data/P4/sand/walking/P4_sand_walk_0001,34406.0,2,2,sand,sand,1
828,data/P4/sand/walking/P4_sand_walk_0001,36406.0,2,2,sand,sand,1
830,data/P4/sand/walking/P4_sand_walk_0001,38406.0,2,2,sand,sand,1
831,data/P4/sand/walking/P4_sand_walk_0002,40406.0,2,2,sand,sand,1
833,data/P4/sand/walking/P4_sand_walk_0002,42406.0,2,2,sand,sand,1
835,data/P4/sand/walking/P4_sand_walk_0002,44406.0,2,2,sand,sand,1
837,data/P4/sand/walking/P4_sand_walk_0002,46406.0,2,2,sand,sand,1
839,data/P4/sand/walking/P4_sand_walk_0002,48406.0,2,2,sand,sand,1
841,data/P4/sand/walking/P4_sand_walk_0002,50406.0,2,2,sand,sand,1
843,data/P4/sand/walking/P4_sand_walk_0002,52406.0,2,2,sand,sand,1
845,data/P4/sand/walking/P4_sand_walk_0002,54406.0,2,2,sand,sand,1
847,data/P4/sand/walking/P4_sand_walk_0002,56406.0,2,2,sand,sand,1
849,data/P4/sand/walking/P4_sand_walk_0002,58406.0,2,2,sand,sand,1
851,data/P4/sand/walking/P4_sand_walk_0002,60406.0,2,2,sand,sand,1
853,data/P4/sand/walking/P4_sand_walk_0002,62406.0,2,2,sand,sand,1
855,data/P4/sand/walking/P4_sand_walk_0002,64406.0,2,2,sand,sand,1
857,data/P4/sand/walking/P4_sand_walk_0002,66406.0,2,2,sand,sand,1
859,data/P4/sand/walking/P4_sand_walk_0002,68406.0,2,2,sand,sand,1
860,data/P4/sand/walking/P4_sand_walk_0003,70406.0,2,2,sand,sand,1
862,data/P4/sand/walking/P4_sand_walk_0003,72406.0,2,2,sand,sand,1
864,data/P4/sand/walking/P4_sand_walk_0003,74406.0,2,2,sand,sand,1
866,data/P4/sand/walking/P4_sand_walk_0003,76406.0,2,2,sand,sand,1
868,data/P4/sand/walking/P4_sand_walk_0003,78406.0,2,2,sand,sand,1
870,data/P4/sand/walking/P4_sand_walk_0003,80406.0,2,2,sand,sand,1
872,data/P4/sand/walking/P4_sand_walk_0003,82406.0,2,2,sand,sand,1
874,data/P4/sand/walking/P4_sand_walk_0003,84406.0,2,2,sand,sand,1
876,data/P4/sand/walking/P4_sand_walk_0003,86406.0,2,2,sand,sand,1
878,data/P4/sand/walking/P4_sand_walk_0003,88406.0,2,2,sand,sand,1
880,data/P4/sand/walking/P4_sand_walk_0003,90406.0,2,2,sand,sand,1
882,data/P4/sand/walking/P4_sand_walk_0003,92406.0,2,2,sand,sand,1
884,data/P4/sand/walking/P4_sand_walk_0003,94406.0,2,2,sand,sand,1
886,data/P4/sand/walking/P4_sand_walk_0003,96406.0,2,2,sand,sand,1
888,data/P4/sand/walking/P4_sand_walk_0003,98406.0,2,2,sand,sand,1
889,data/P4/sand/walking/P4_sand_walk_0004,100406.0,2,2,sand,sand,1
891,data/P4/sand/walking/P4_sand_walk_0004,102406.0,2,2,sand,sand,1
893,data/P4/sand/walking/P4_sand_walk_0004,104406.0,2,2,sand,sand,1
895,data/P4/sand/walking/P4_sand_walk_0004,106406.0,2,2,sand,sand,1
897,data/P4/sand/walking/P4_sand_walk_0004,108406.0,2,2,sand,sand,1
899,data/P4/sand/walking/P4_sand_walk_0004,110406.0,2,2,sand,sand,1
901,data/P4/sand/walking/P4_sand_walk_0004,112406.0,2,2,sand,sand,1
903,data/P4/sand/walking/P4_sand_walk_0004,114406.0,2,2,sand,sand,1
905,data/P4/sand/walking/P4_sand_walk_0004,116406.0,2,2,sand,sand,1
907,data/P4/sand/walking/P4_sand_walk_0004,118406.0,2,2,sand,sand,1
909,data/P4/sand/walking/P4_sand_walk_0004,120406.0,2,2,sand,sand,1
911,data/P4/sand/walking/P4_sand_walk_0004,122406.0,2,2,sand,sand,1
913,data/P4/sand/walking/P4_sand_walk_0004,124406.0,2,2,sand,sand,1
915,data/P4/sand/walking/P4_sand_walk_0004,126406.0,2,2,sand,sand,1
917,data/P4/sand/walking/P4_sand_walk_0004,128406.0,2,2,sand,sand,1
918,data/P4/sand/walking/P4_sand_walk_0005,130406.0,2,2,sand,sand,1
920,data/P4/sand/walking/P4_sand_walk_0005,132406.0,2,2,sand,sand,1
922,data/P4/sand/walking/P4_sand_walk_0005,134406.0,2,2,sand,sand,1
924,data/P4/sand/walking/P4_sand_walk_0005,136406.0,2,2,sand,sand,1
926,data/P4/sand/walking/P4_sand_walk_0005,138406.0,2,2,sand,sand,1
928,data/P4/sand/walking/P4_sand_walk_0005,140406.0,2,2,sand,sand,1
930,data/P4/sand/walking/P4_sand_walk_0005,142406.0,2,2,sand,sand,1
932,data/P4/sand/walking/P4_sand_walk_0005,144406.0,2,2,sand,sand,1
934,data/P4/sand/walking/P4_sand_walk_0005,146406.0,2,2,sand,sand,1
936,data/P4/sand/walking/P4_sand_walk_0005,148406.0,2,2,sand,sand,1
938,data/P4/sand/walking/P4_sand_walk_0005,150406.0,2,2,sand,sand,1
940,data/P4/sand/walking/P4_sand_walk_0005,152406.0,2,2,sand,sand,1
942,data/P4/sand/walking/P4_sand_walk_0005,154406.0,2,2,sand,sand,1
944,data/P4/sand/walking/P4_sand_walk_0005,156406.0,2,2,sand,sand,1
946,data/P4/sand/walking/P4_sand_walk_0005,158406.0,2,2,sand,sand,1
947,data/P4/sand/walking/P4_sand_walk_0006,160406.0,2,2,sand,sand,1
949,data/P4/sand/walking/P4_sand_walk_0006,162406.0,2,2,sand,sand,1
